source_id,source_sha256_12,operator,dimension,targets,assessed_ok,supported_ge_2_3,weak_below_floor,unassessed,failed_or_invalid,stale,excluded_by_discovery,excluded_ids,supported_and_discovery_eligible,supported_eligible_conf_ge_0.5,weak_and_discovery_eligible,best_eligible_target,best_norm,best_confidence,published_bonds
P1,c8adbba7f4ed,ECHO,echo,40,40,6,34,0,0,0,1,P2,5,1,34,P5,0.990,0.970,0
P1,c8adbba7f4ed,DEVELOP,development,40,40,6,34,0,0,0,1,P2,5,3,34,P5,0.917,0.750,0
P1,c8adbba7f4ed,CONTRADICT,contradiction,40,40,3,37,0,0,0,1,P2,3,0,36,F11,0.783,0.350,1
P1,c8adbba7f4ed,BRIDGE,bridge_relation,40,40,15,25,0,0,0,1,P2,15,2,24,LF6,0.780,0.340,0
P2,920055a32772,ECHO,echo,40,40,9,31,0,0,0,2,P1|P3,7,6,31,P5,0.937,0.810,0
P2,920055a32772,DEVELOP,development,40,40,7,33,0,0,0,2,P1|P3,5,1,33,LF15,0.850,0.550,0
P2,920055a32772,CONTRADICT,contradiction,40,40,0,40,0,0,0,2,P1|P3,0,0,38,,,,0
P2,920055a32772,BRIDGE,bridge_relation,40,40,14,26,0,0,0,2,P1|P3,14,2,24,LF7,0.837,0.510,0
P3,caebdc6f6a36,ECHO,echo,40,40,5,35,0,0,0,2,P2|P4,3,2,35,P5,0.937,0.810,0
P3,caebdc6f6a36,DEVELOP,development,40,40,11,29,0,0,0,2,P2|P4,10,1,28,LF6,0.840,0.520,0
P3,caebdc6f6a36,CONTRADICT,contradiction,40,40,1,39,0,0,0,2,P2|P4,0,0,38,,,,0
P3,caebdc6f6a36,BRIDGE,bridge_relation,40,40,24,16,0,0,0,2,P2|P4,24,5,14,LF11,0.860,0.580,0
P4,4b4695d3df25,ECHO,echo,40,40,3,37,0,0,0,2,P3|P5,3,0,35,P8,0.800,0.480,0
P4,4b4695d3df25,DEVELOP,development,40,40,1,39,0,0,0,2,P3|P5,1,0,37,P1,0.683,0.050,0
P4,4b4695d3df25,CONTRADICT,contradiction,40,40,0,40,0,0,0,2,P3|P5,0,0,38,,,,0
P4,4b4695d3df25,BRIDGE,bridge_relation,40,40,7,33,0,0,0,2,P3|P5,7,1,31,P7,0.790,0.370,0
P5,23fc2364ab4a,ECHO,echo,40,40,19,21,0,0,0,2,P4|P6,18,11,20,P1,0.927,0.780,0
P5,23fc2364ab4a,DEVELOP,development,40,40,20,20,0,0,0,2,P4|P6,19,5,19,P1,0.893,0.680,0
P5,23fc2364ab4a,CONTRADICT,contradiction,40,40,0,40,0,0,0,2,P4|P6,0,0,38,,,,0
P5,23fc2364ab4a,BRIDGE,bridge_relation,40,40,14,26,0,0,0,2,P4|P6,14,0,24,LF8,0.810,0.430,0
P6,441fc9e6c294,ECHO,echo,40,40,22,18,0,0,0,2,P5|P7,20,10,18,PR4,0.897,0.690,0
P6,441fc9e6c294,DEVELOP,development,40,40,23,17,0,0,0,2,P5|P7,21,9,17,PR3,0.903,0.710,0
P6,441fc9e6c294,CONTRADICT,contradiction,40,40,0,40,0,0,0,2,P5|P7,0,0,38,,,,0
P6,441fc9e6c294,BRIDGE,bridge_relation,40,40,23,17,0,0,0,2,P5|P7,23,0,15,LF11,0.813,0.440,0
P7,783140233be6,ECHO,echo,40,40,3,37,0,0,0,2,P6|P8,2,1,36,LF7,0.763,0.560,0
P7,783140233be6,DEVELOP,development,40,40,2,38,0,0,0,2,P6|P8,1,0,37,LF15,0.683,0.340,0
P7,783140233be6,CONTRADICT,contradiction,40,40,0,40,0,0,0,2,P6|P8,0,0,38,,,,0
P7,783140233be6,BRIDGE,bridge_relation,40,40,22,18,0,0,0,2,P6|P8,22,0,16,P4,0.813,0.440,0
P8,af6c1a9a22f3,ECHO,echo,40,40,11,29,0,0,0,1,P7,10,7,29,F12,0.990,0.970,0
P8,af6c1a9a22f3,DEVELOP,development,40,40,20,20,0,0,0,1,P7,19,7,20,P1,0.917,0.750,0
P8,af6c1a9a22f3,CONTRADICT,contradiction,40,40,0,40,0,0,0,1,P7,0,0,39,,,,0
P8,af6c1a9a22f3,BRIDGE,bridge_relation,40,40,18,22,0,0,0,1,P7,18,1,21,LF11,0.857,0.570,0
F1,5f8c0218fd16,ECHO,echo,40,40,16,24,0,0,0,1,F2,15,10,24,F9,0.973,0.920,0
F1,5f8c0218fd16,DEVELOP,development,40,40,21,19,0,0,0,1,F2,20,12,19,P1,0.837,0.510,0
F1,5f8c0218fd16,CONTRADICT,contradiction,40,40,1,39,0,0,0,1,F2,1,0,38,P1,0.787,0.360,0
F1,5f8c0218fd16,BRIDGE,bridge_relation,40,40,11,29,0,0,0,1,F2,11,1,28,LF11,0.837,0.510,0
F2,585b18f04f0e,ECHO,echo,40,40,14,26,0,0,0,2,F1|F3,12,9,26,F10,0.960,0.880,0
F2,585b18f04f0e,DEVELOP,development,40,40,15,25,0,0,0,2,F1|F3,13,6,25,F4,0.950,0.850,0
F2,585b18f04f0e,CONTRADICT,contradiction,40,40,0,40,0,0,0,2,F1|F3,0,0,38,,,,0
F2,585b18f04f0e,BRIDGE,bridge_relation,40,40,13,27,0,0,0,2,F1|F3,13,1,25,LF8,0.853,0.560,0
F3,f71ff254e1cd,ECHO,echo,40,40,16,24,0,0,0,2,F2|F4,14,13,24,F9,0.953,0.860,0
F3,f71ff254e1cd,DEVELOP,development,40,40,19,21,0,0,0,2,F2|F4,17,9,21,F8,0.870,0.610,0
F3,f71ff254e1cd,CONTRADICT,contradiction,40,40,0,40,0,0,0,2,F2|F4,0,0,38,,,,0
F3,f71ff254e1cd,BRIDGE,bridge_relation,40,40,17,23,0,0,0,2,F2|F4,17,0,21,LF7,0.777,0.330,0
F4,8ecba52f52c2,ECHO,echo,40,40,8,32,0,0,0,2,F3|F5,6,4,32,F2,0.943,0.830,0
F4,8ecba52f52c2,DEVELOP,development,40,40,4,36,0,0,0,2,F3|F5,3,2,35,P1,0.783,0.350,0
F4,8ecba52f52c2,CONTRADICT,contradiction,40,40,0,40,0,0,0,2,F3|F5,0,0,38,,,,0
F4,8ecba52f52c2,BRIDGE,bridge_relation,40,40,16,24,0,0,0,2,F3|F5,16,0,22,LF16,0.800,0.400,0
F5,7c5bde18887b,ECHO,echo,40,40,15,25,0,0,0,2,F4|F6,13,10,25,F11,0.967,0.900,0
F5,7c5bde18887b,DEVELOP,development,40,40,11,29,0,0,0,2,F4|F6,9,6,29,F7,0.913,0.740,0
F5,7c5bde18887b,CONTRADICT,contradiction,40,40,0,40,0,0,0,2,F4|F6,0,0,38,,,,0
F5,7c5bde18887b,BRIDGE,bridge_relation,40,40,12,28,0,0,0,2,F4|F6,12,4,26,LF7,0.743,0.440,0
F6,bd6525417aaf,ECHO,echo,40,40,13,27,0,0,0,2,F5|F7,11,9,27,F2,0.950,0.850,0
F6,bd6525417aaf,DEVELOP,development,40,40,18,22,0,0,0,2,F5|F7,16,5,22,P3,0.910,0.730,0
F6,bd6525417aaf,CONTRADICT,contradiction,40,40,0,40,0,0,0,2,F5|F7,0,0,38,,,,0
F6,bd6525417aaf,BRIDGE,bridge_relation,40,40,10,30,0,0,0,2,F5|F7,10,0,28,LF11,0.773,0.320,0
F7,c96f98c9a49b,ECHO,echo,40,40,11,29,0,0,0,2,F6|F8,9,7,29,F5,0.967,0.900,0
F7,c96f98c9a49b,DEVELOP,development,40,40,4,36,0,0,0,2,F6|F8,2,2,36,F5,0.793,0.570,0
F7,c96f98c9a49b,CONTRADICT,contradiction,40,40,1,39,0,0,0,2,F6|F8,0,0,38,,,,0
F7,c96f98c9a49b,BRIDGE,bridge_relation,40,40,2,38,0,0,0,2,F6|F8,2,0,36,F12,0.687,0.430,0
F8,efda98e00c42,ECHO,echo,40,40,17,23,0,0,0,2,F7|F9,15,9,23,F1,0.973,0.920,0
F8,efda98e00c42,DEVELOP,development,40,40,11,29,0,0,0,2,F7|F9,9,5,29,F5,0.843,0.530,0
F8,efda98e00c42,CONTRADICT,contradiction,40,40,0,40,0,0,0,2,F7|F9,0,0,38,,,,0
F8,efda98e00c42,BRIDGE,bridge_relation,40,40,10,30,0,0,0,2,F7|F9,10,1,28,P7,0.723,0.420,0
F9,b6f600115a90,ECHO,echo,40,40,14,26,0,0,0,2,F8|F10,12,9,26,F1,0.977,0.930,0
F9,b6f600115a90,DEVELOP,development,40,40,16,24,0,0,0,2,F8|F10,14,9,24,F12,0.873,0.620,0
F9,b6f600115a90,CONTRADICT,contradiction,40,40,0,40,0,0,0,2,F8|F10,0,0,38,,,,0
F9,b6f600115a90,BRIDGE,bridge_relation,40,40,17,23,0,0,0,2,F8|F10,17,0,21,LF7,0.813,0.440,0
F10,785b5280ac55,ECHO,echo,40,40,11,29,0,0,0,2,F9|F11,9,8,29,F2,0.910,0.730,0
F10,785b5280ac55,DEVELOP,development,40,40,8,32,0,0,0,2,F9|F11,6,3,32,F12,0.847,0.540,0
F10,785b5280ac55,CONTRADICT,contradiction,40,40,0,40,0,0,0,2,F9|F11,0,0,38,,,,0
F10,785b5280ac55,BRIDGE,bridge_relation,40,40,13,27,0,0,0,2,F9|F11,13,0,25,LF7,0.810,0.430,0
F11,5729f5fec994,ECHO,echo,40,40,12,28,0,0,0,2,F10|F12,11,8,27,P5,0.957,0.870,0
F11,5729f5fec994,DEVELOP,development,40,40,9,31,0,0,0,2,F10|F12,7,6,31,P1,0.950,0.850,0
F11,5729f5fec994,CONTRADICT,contradiction,40,40,2,38,0,0,0,2,F10|F12,2,1,36,P1,0.917,0.750,0
F11,5729f5fec994,BRIDGE,bridge_relation,40,40,9,31,0,0,0,2,F10|F12,9,0,29,LF7,0.773,0.320,0
F12,cb4d77c11adb,ECHO,echo,40,40,17,23,0,0,0,1,F11,16,9,23,P8,0.983,0.950,0
F12,cb4d77c11adb,DEVELOP,development,40,40,19,21,0,0,0,1,F11,18,7,21,PR3,0.937,0.810,0
F12,cb4d77c11adb,CONTRADICT,contradiction,40,40,0,40,0,0,0,1,F11,0,0,39,,,,0
F12,cb4d77c11adb,BRIDGE,bridge_relation,40,40,23,17,0,0,0,1,F11,23,1,16,LF11,0.833,0.500,0
LF1,494010550cfd,ECHO,echo,40,40,7,33,0,0,0,1,LF2,6,5,33,LF9,0.980,0.940,0
LF1,494010550cfd,DEVELOP,development,40,40,7,33,0,0,0,1,LF2,6,4,33,LF13,0.863,0.590,0
LF1,494010550cfd,CONTRADICT,contradiction,40,40,0,40,0,0,0,1,LF2,0,0,39,,,,0
LF1,494010550cfd,BRIDGE,bridge_relation,40,40,3,37,0,0,0,1,LF2,3,0,36,LF14,0.813,0.440,0
LF2,1e9b6908d1bb,ECHO,echo,40,40,6,34,0,0,0,2,LF1|LF3,4,0,34,LF10,0.757,0.270,0
LF2,1e9b6908d1bb,DEVELOP,development,40,40,6,34,0,0,0,2,LF1|LF3,6,1,32,LF13,0.883,0.650,0
LF2,1e9b6908d1bb,CONTRADICT,contradiction,40,40,0,40,0,0,0,2,LF1|LF3,0,0,38,,,,0
LF2,1e9b6908d1bb,BRIDGE,bridge_relation,40,40,4,36,0,0,0,2,LF1|LF3,4,0,34,LF15,0.753,0.260,0
LF3,6c8dee41659b,ECHO,echo,40,40,9,31,0,0,0,2,LF2|LF4,7,6,31,LF7,0.953,0.860,0
LF3,6c8dee41659b,DEVELOP,development,40,40,15,25,0,0,0,2,LF2|LF4,13,10,25,LF6,0.960,0.880,0
LF3,6c8dee41659b,CONTRADICT,contradiction,40,40,7,33,0,0,0,2,LF2|LF4,7,4,31,LF10,0.953,0.860,0
LF3,6c8dee41659b,BRIDGE,bridge_relation,40,40,10,30,0,0,0,2,LF2|LF4,10,1,28,LF14,0.857,0.570,0
LF4,0811064ce766,ECHO,echo,40,40,2,38,0,0,0,2,LF3|LF5,1,0,37,LF10,0.720,0.160,0
LF4,0811064ce766,DEVELOP,development,40,40,7,33,0,0,0,2,LF3|LF5,5,1,33,LF6,0.850,0.550,0
LF4,0811064ce766,CONTRADICT,contradiction,40,40,0,40,0,0,0,2,LF3|LF5,0,0,38,,,,0
LF4,0811064ce766,BRIDGE,bridge_relation,40,40,6,34,0,0,0,2,LF3|LF5,6,0,32,LF14,0.813,0.440,0
LF5,934fffc832df,ECHO,echo,40,40,6,34,0,0,0,2,LF4|LF6,5,2,33,LF3,0.913,0.740,0
LF5,934fffc832df,DEVELOP,development,40,40,10,30,0,0,0,2,LF4|LF6,8,4,30,LF3,0.923,0.770,0
LF5,934fffc832df,CONTRADICT,contradiction,40,40,0,40,0,0,0,2,LF4|LF6,0,0,38,,,,0
LF5,934fffc832df,BRIDGE,bridge_relation,40,40,15,25,0,0,0,2,LF4|LF6,14,0,24,LF14,0.783,0.350,0
LF6,7eb9b361c6ed,ECHO,echo,40,40,18,22,0,0,0,2,LF5|LF7,16,12,22,LF1,0.990,0.970,0
LF6,7eb9b361c6ed,DEVELOP,development,40,40,20,20,0,0,0,2,LF5|LF7,18,10,20,P3,0.977,0.930,0
LF6,7eb9b361c6ed,CONTRADICT,contradiction,40,40,0,40,0,0,0,2,LF5|LF7,0,0,38,,,,0
LF6,7eb9b361c6ed,BRIDGE,bridge_relation,40,40,24,16,0,0,0,2,LF5|LF7,24,2,14,P2,0.840,0.520,0
LF7,63eff9b43a8b,ECHO,echo,40,40,14,26,0,0,0,2,LF6|LF8,12,7,26,LF11,0.887,0.660,0
LF7,63eff9b43a8b,DEVELOP,development,40,40,21,19,0,0,0,2,LF6|LF8,19,12,19,LF11,0.980,0.940,0
LF7,63eff9b43a8b,CONTRADICT,contradiction,40,40,0,40,0,0,0,2,LF6|LF8,0,0,38,,,,0
LF7,63eff9b43a8b,BRIDGE,bridge_relation,40,40,24,16,0,0,0,2,LF6|LF8,24,2,14,LF14,0.843,0.530,0
LF8,84e4c794adcf,ECHO,echo,40,40,13,27,0,0,0,2,LF7|LF9,11,4,27,P8,0.783,0.570,0
LF8,84e4c794adcf,DEVELOP,development,40,40,12,28,0,0,0,2,LF7|LF9,10,3,28,LF11,0.953,0.860,0
LF8,84e4c794adcf,CONTRADICT,contradiction,40,40,0,40,0,0,0,2,LF7|LF9,0,0,38,,,,0
LF8,84e4c794adcf,BRIDGE,bridge_relation,40,40,24,16,0,0,0,2,LF7|LF9,24,1,14,P3,0.840,0.520,0
LF9,0f039d820dc8,ECHO,echo,40,40,19,21,0,0,0,2,LF8|LF10,17,10,21,LF1,0.987,0.960,0
LF9,0f039d820dc8,DEVELOP,development,40,40,24,16,0,0,0,2,LF8|LF10,22,10,16,LF11,0.977,0.930,0
LF9,0f039d820dc8,CONTRADICT,contradiction,40,40,0,40,0,0,0,2,LF8|LF10,0,0,38,,,,0
LF9,0f039d820dc8,BRIDGE,bridge_relation,40,40,25,15,0,0,0,2,LF8|LF10,25,2,13,LF14,0.837,0.510,0
LF10,caba8ef0d750,ECHO,echo,40,40,19,21,0,0,0,2,LF9|LF11,17,4,21,LF16,0.893,0.680,0
LF10,caba8ef0d750,DEVELOP,development,40,40,23,17,0,0,0,2,LF9|LF11,21,11,17,P3,0.960,0.880,0
LF10,caba8ef0d750,CONTRADICT,contradiction,40,40,1,39,0,0,0,2,LF9|LF11,1,1,37,LF3,0.833,0.500,0
LF10,caba8ef0d750,BRIDGE,bridge_relation,40,40,26,14,0,0,0,2,LF9|LF11,26,0,12,PR3,0.820,0.460,0
LF11,8f3786aa9e7e,ECHO,echo,40,40,19,21,0,0,0,2,LF10|LF12,17,11,21,LF14,0.960,0.880,0
LF11,8f3786aa9e7e,DEVELOP,development,40,40,27,13,0,0,0,2,LF10|LF12,25,13,13,LF16,0.973,0.920,0
LF11,8f3786aa9e7e,CONTRADICT,contradiction,40,40,0,40,0,0,0,2,LF10|LF12,0,0,38,,,,0
LF11,8f3786aa9e7e,BRIDGE,bridge_relation,40,40,24,16,0,0,0,2,LF10|LF12,24,7,14,P8,0.853,0.560,0
LF12,e910ea182147,ECHO,echo,40,40,5,35,0,0,0,2,LF11|LF13,4,1,34,LF16,0.917,0.750,0
LF12,e910ea182147,DEVELOP,development,40,40,21,19,0,0,0,2,LF11|LF13,19,5,19,LF16,0.973,0.920,0
LF12,e910ea182147,CONTRADICT,contradiction,40,40,0,40,0,0,0,2,LF11|LF13,0,0,38,,,,0
LF12,e910ea182147,BRIDGE,bridge_relation,40,40,25,15,0,0,0,2,LF11|LF13,25,1,13,LF14,0.847,0.540,0
LF13,4cacb46235a9,ECHO,echo,40,40,10,30,0,0,0,2,LF12|LF14,9,5,29,LF7,0.867,0.600,0
LF13,4cacb46235a9,DEVELOP,development,40,40,13,27,0,0,0,2,LF12|LF14,11,8,27,LF11,0.963,0.890,0
LF13,4cacb46235a9,CONTRADICT,contradiction,40,40,0,40,0,0,0,2,LF12|LF14,0,0,38,,,,0
LF13,4cacb46235a9,BRIDGE,bridge_relation,40,40,17,23,0,0,0,2,LF12|LF14,17,0,21,LF3,0.780,0.340,0
LF14,7761643ceca9,ECHO,echo,40,40,13,27,0,0,0,2,LF13|LF15,11,7,27,LF11,0.983,0.950,0
LF14,7761643ceca9,DEVELOP,development,40,40,21,19,0,0,0,2,LF13|LF15,19,11,19,LF11,0.983,0.950,0
LF14,7761643ceca9,CONTRADICT,contradiction,40,40,2,38,0,0,0,2,LF13|LF15,2,0,36,LF1,0.720,0.420,0
LF14,7761643ceca9,BRIDGE,bridge_relation,40,40,31,9,0,0,0,2,LF13|LF15,31,4,7,LF11,0.910,0.730,0
LF15,8ea07c802632,ECHO,echo,40,40,8,32,0,0,0,2,LF14|LF16,6,5,32,LF13,0.867,0.600,0
LF15,8ea07c802632,DEVELOP,development,40,40,12,28,0,0,0,2,LF14|LF16,11,4,27,LF11,0.950,0.850,0
LF15,8ea07c802632,CONTRADICT,contradiction,40,40,0,40,0,0,0,2,LF14|LF16,0,0,38,,,,0
LF15,8ea07c802632,BRIDGE,bridge_relation,40,40,33,7,0,0,0,2,LF14|LF16,33,6,5,LF11,0.927,0.780,0
LF16,38b65964bc16,ECHO,echo,40,40,10,30,0,0,0,1,LF15,9,4,30,LF14,0.893,0.680,0
LF16,38b65964bc16,DEVELOP,development,40,40,20,20,0,0,0,1,LF15,19,6,20,LF11,0.917,0.750,0
LF16,38b65964bc16,CONTRADICT,contradiction,40,40,0,40,0,0,0,1,LF15,0,0,39,,,,0
LF16,38b65964bc16,BRIDGE,bridge_relation,40,40,26,14,0,0,0,1,LF15,25,1,14,LF14,0.870,0.610,0
PR1,991c874b661b,ECHO,echo,40,40,10,30,0,0,0,1,PR2,9,6,30,PR3,0.990,0.970,0
PR1,991c874b661b,DEVELOP,development,40,40,10,30,0,0,0,1,PR2,9,7,30,PR3,0.970,0.910,3
PR1,991c874b661b,CONTRADICT,contradiction,40,40,0,40,0,0,0,1,PR2,0,0,39,,,,0
PR1,991c874b661b,BRIDGE,bridge_relation,40,40,22,18,0,0,0,1,PR2,22,1,17,LF11,0.857,0.570,0
PR2,e5bcf35ec9a0,ECHO,echo,40,40,12,28,0,0,0,2,PR1|PR3,10,6,28,PR4,0.983,0.950,0
PR2,e5bcf35ec9a0,DEVELOP,development,40,40,12,28,0,0,0,2,PR1|PR3,10,6,28,PR4,0.923,0.770,0
PR2,e5bcf35ec9a0,CONTRADICT,contradiction,40,40,0,40,0,0,0,2,PR1|PR3,0,0,38,,,,0
PR2,e5bcf35ec9a0,BRIDGE,bridge_relation,40,40,21,19,0,0,0,2,PR1|PR3,21,4,17,LF7,0.880,0.640,0
PR3,cd4dd6796a8d,ECHO,echo,40,40,17,23,0,0,0,2,PR2|PR4,15,8,23,F12,0.983,0.950,0
PR3,cd4dd6796a8d,DEVELOP,development,40,40,19,21,0,0,0,2,PR2|PR4,17,6,21,PR1,0.970,0.910,0
PR3,cd4dd6796a8d,CONTRADICT,contradiction,40,40,1,39,0,0,0,2,PR2|PR4,1,0,37,P1,0.673,0.250,0
PR3,cd4dd6796a8d,BRIDGE,bridge_relation,40,40,23,17,0,0,0,2,PR2|PR4,23,6,15,LF11,0.903,0.710,0
PR4,189ba56ef3fe,ECHO,echo,40,40,8,32,0,0,0,2,PR3|PR5,6,6,32,F12,0.990,0.970,0
PR4,189ba56ef3fe,DEVELOP,development,40,40,8,32,0,0,0,2,PR3|PR5,6,5,32,PR1,0.927,0.780,0
PR4,189ba56ef3fe,CONTRADICT,contradiction,40,40,1,39,0,0,0,2,PR3|PR5,1,0,37,LF14,0.700,0.100,0
PR4,189ba56ef3fe,BRIDGE,bridge_relation,40,40,21,19,0,0,0,2,PR3|PR5,20,3,18,LF11,0.887,0.660,1
PR5,6ad6a8b18bb4,ECHO,echo,40,40,9,31,0,0,0,1,PR4,9,5,30,LF11,0.980,0.940,0
PR5,6ad6a8b18bb4,DEVELOP,development,40,40,16,24,0,0,0,1,PR4,15,3,24,PR3,0.957,0.870,0
PR5,6ad6a8b18bb4,CONTRADICT,contradiction,40,40,0,40,0,0,0,1,PR4,0,0,39,,,,0
PR5,6ad6a8b18bb4,BRIDGE,bridge_relation,40,40,29,11,0,0,0,1,PR4,29,1,10,LF11,0.867,0.600,0
